{"weights":[1.8085030822087294,-0.19190701574638747,-2.996453320849254,-1.7921125557806166,3.8079372720970017,-0.9917710693097839,-3.398087240065385,-2.592353070424146,-3.3921173840748122,-1.7938706775540174,-4.1966667563507345,-0.9994606631396454,0.6041572528566306,0.6092941613905822,-6.1908434870668865,1.4058147151819418,-0.1908098603480075,-2.192923137783544,2.208772410739378,-0.5961846927368327,7.000292366969503,-2.1908090354814878,-8.994164675118306,-1.3947808221030846,7.402470262439711],"b":-0.20000000000000007}