{"weights":[[0.24331037556274598,-0.6194520727491887],[-0.23876035079519609,0.0335718876640577],[1.0498449858186727,-0.9733025613628673],[0.41489197348284845,-0.5179490839298287],[0.717170085614014,-0.7038789867935205],[0.8474618012800925,-0.8684031289143048],[0.08053628314389788,-0.589070486995199],[-0.9505490293534437,0.8871191710292455],[-1.1254132979855298,0.8234685623018257],[-0.977230075616045,0.6876817400051787],[0.1401208579032396,-0.08119690887541645],[0.217871224275026,0.18619407906925517],[0.7078103261366101,-0.7759782325082495],[-0.09334260937280903,0.0721292047803971],[-0.8301476110235287,1.0758928907427106],[0.21590883537675246,-0.1109132827006649],[-1.4977616297772292,1.435247788608311],[1.672160907488336,-1.472366183891701],[-0.14431956331102688,0.3141496236966065]],"bx":[0.3572195443638999,-0.10450521511199569,0.32942262081996965,0.061022622031015133,0.40813923893065285,0.02418614471625703,-0.13168572134739373,0.4084089757969478,-0.03146993120143221,0.13112507693009015,-0.18062208191556303,0.12244083717098249,0.052895983046680764,0.14009706854668194,-0.171710522041109,-0.2903644543211775,0.2331550222686011,-0.5004567368515205,-0.4295670480428685],"bz":[-0.49471677501059935,0.6410911579003089],"vs":[[0.252935332010946,-0.047665295973581934,0.687637168998732,0.3604962136117398,0.12815670650158137,0.22672282828157939,0.4559016980088154,-0.17120491927489728,-0.03871276333891016,-0.3996228551409309,-0.29807578458014866,0.08909900484776843,-0.32931442561485974,-0.20770618866965662,0.001501606873439197,0.08438586790217933,-0.8294059977374232,1.0287041357306028,-0.02444863029143637],[0.4070916442738093,-0.3340622360788375,-0.1917765152169696,-0.20312491230239288,0.36411952167682654,0.3932543764897696,0.017626272957734123,0.27220236599921943,0.32222840508265493,-0.8124527391540669,-0.1261544897890463,0.24633039848700944,0.0181555464674381,0.48155727084461086,-0.17402855398712191,0.02660027076988063,0.829952206219153,-0.4731684381259329,0.28090783324940194],[-0.7640747833251578,0.522757970129014,-0.2976119992056132,-0.06642395894638792,-0.5233372509062101,-0.3678718728481599,-0.22142161632658863,-0.14317957668508352,0.5832168422869564,0.5127924481580342,-0.19085154475495042,-0.20290408350411338,-0.7303944350852768,0.2394483163441552,0.09685721945942113,-0.014510827403380314,-0.07257647439563981,0.01016910397146994,-0.28604062584293033],[-0.16886060079363505,-0.38229983518317084,0.2559875097546753,0.37076870269173323,-0.43465095087088573,0.3499176720838414,0.1413031469237942,0.28840791503130014,0.23578995658015278,0.19296137436838964,-0.5346855059434001,-0.37554276029497163,-0.14463793260436045,0.4504045506306734,0.7792318004031531,0.2932809251318726,0.3812803129309097,-0.3303510898649388,0.2902785338541357],[-0.08370765638512381,-0.3081803333579371,0.6929679194836105,-0.3719982046873239,-0.2728841209589475,0.5633638796406819,0.22851301443687388,-0.2456543088265578,0.08858653995025798,-0.5830886197693491,0.422784509079179,-0.4727024108910292,-0.026914604407537828,0.15084179559268712,-0.10351271528148734,0.05943887581196448,-0.5398623635762078,1.1031720404365155,-0.0942164237058996],[0.2433629481214544,-0.1969949468813133,-0.1679393913069459,0.3517884127917923,0.31483838976492323,-0.6116486098296654,-0.11485832970818982,-0.2535831991661759,-0.05090666561681431,0.34033840782095903,-0.4130086246336743,-0.22348857620789586,0.014974700062620071,0.06766023843483011,-0.07801403170987692,-0.3550817639519945,-0.8010789035739155,-0.468439281941743,0.18365430296361726],[-0.5081004039110383,-0.4526993169934605,-0.18913406865530136,-0.09523063758628326,-0.4110960516215118,0.028825436613687732,0.4038708343039057,0.4283335110995973,0.14778896076180864,0.43472068304769906,-0.12683767449987443,0.29411664946599464,-0.4545314166521109,-0.051378819550058144,0.3033710634806687,-0.5317490856310548,-0.5345435507409931,0.3871308151940971,-0.18057656714312922],[0.19021666733465106,-0.17076830565416218,-0.5053242200980376,0.3461174989140775,0.12223751282169479,-0.5155683976534244,-0.5099748406420791,-0.4823032732141499,-0.26669723049332333,-0.4870402179302912,0.20198290770429894,-0.22068391721582498,0.021017070985199556,0.20813640944993866,0.5574213083410058,0.009133253611144242,0.5325204950553387,-0.2530621143061944,-0.3488349321726939],[-0.11775152481203771,-0.08259696844664383,-0.490348491993587,-0.47499626664923233,-0.5840340413563399,-0.16916205177416097,0.1764740118612954,0.31250044903240093,-0.35855170194425234,0.006020898508739764,-0.2476660538176647,-0.0847356782002709,0.25670583387372276,0.10795330872686972,0.28443212793821687,0.13911811308018593,0.15229986049979,0.5569531173213537,0.3983271687693761],[0.08544678161019359,0.08796704747943287,-0.2141663441868707,-0.008045587765640417,0.04896056050306985,0.562728593683828,0.03305670272221632,0.4154417327508252,-0.06961116067732474,-0.30378241566116615,-0.29059486833537357,-0.19486987311562298,-0.026219851035312634,-0.021461119974204006,0.9912272030391356,-0.341389118954661,-0.2870657192190986,-0.024684582421786283,0.07493769872380547],[-0.5734869663683657,-0.3479556642059128,-0.5416852722368681,-0.28455019738400056,-0.5720905309826052,-0.41381737206051783,-0.21539456652540728,0.22883605497659948,0.324194659922986,-0.10206936058364366,-0.15203792439202335,-0.1978153521870743,-0.5521035168086429,-0.005236542792646865,-0.136603436254856,-0.4163398191515039,0.4471780112835101,0.13993825569702406,-0.44915478215518534],[0.28604646724733485,0.3868257011780923,0.04468047029895212,-0.11873634881996559,-0.3312075896690531,-0.5322204075976525,0.02428182735459736,-0.5418208129155984,-0.1334575097218144,-0.13685765289324955,-0.027087163265839452,0.4121045005391662,-0.042121088765834265,0.005091962167210817,-0.15677596816517314,0.3077934978836136,-0.4156437229457114,-0.335621616654488,0.29646807947933074],[-0.10446858894312092,0.02295351557076566,-0.33931082331547213,-0.1453215403590516,0.6298611044940037,-0.3315091518976718,-0.023726555632112036,-0.08593408003903945,0.4902628884157816,0.6189559078858157,-0.27738734259838044,0.18818585179135483,0.48900833225979007,-0.479642669505841,-0.029046100095301668,-0.029828729495167242,-0.07916561725307973,0.3652487564485257,0.3657946990209574],[-0.21471648083099684,0.43770754889424507,-0.17579669354972716,0.6033468402757869,-0.3870374721706236,0.4137132125992984,-0.0613280145147304,0.24469735351515048,-0.041068483458126914,-0.8638797437104421,-0.41359629217153665,0.08930934181503368,0.33688826603336114,0.23901846355716172,0.3310999711095525,-0.08215005801218883,0.24575534754757405,-0.42631418583300995,-0.21883449284776305],[-0.3396608976494714,-0.20289236098329155,-0.35742508148826657,0.14285579590346736,-0.1454100148981969,-0.16328515520903827,-0.021458565862723048,0.702920601507161,0.1542576689121989,-0.3347930537265458,-0.34449539576083216,-0.2800235145549245,0.21973520747224431,-0.27250509059905936,0.7858622046232344,0.40675815105901697,-0.23481796973599361,-0.17443133334745042,0.2231153192858509],[-0.2121169657418389,0.022008011795023787,0.2984011795286453,-0.28168639721480127,-0.13763005402906467,-0.12528495997091482,0.09913819055131365,0.4430940235810852,0.4310948677397827,-0.3034925225120876,0.01725955632718388,0.1621623113952939,0.027860183673412312,-0.17695352958935012,0.06819545643448716,0.562624385101104,-0.2523093487719054,-0.32031105442519403,-0.5161617095952852],[0.5043895811180017,0.0815533599984005,-0.41189707828310074,-0.6430020637663958,0.2678637378443047,0.384187122891254,-0.1655362122719911,0.45801601032864836,0.27333886488683123,-0.25764011393424247,-0.45047585396200923,-0.22883105817382732,0.03413679250502182,-0.1594912386155652,0.21340425576431438,-0.14156738835484003,-0.1907172238554649,0.3874948576841608,-0.21100502932638107],[-0.226464101262041,0.541108302046113,0.2791294393972099,0.029939149620816834,-0.18390034292518412,-0.7156661021365345,-0.17530835189140942,0.0711624699425593,0.7978933763844589,0.10059584177116959,0.4354190100846957,