{"weights":[0.11603672133866832,-0.051052269179320486,-0.19228259347674076,-0.08720604695692884,0.09371037109093627,-0.0849298362043478,-0.15454331150154194,-0.2215956772916913,-0.17377300799767575,-0.07079813993926924,-0.46020281571511673,-0.22625088035449217,-0.3311461451577918,-0.17761297205824678,-0.402694609889615,-0.019900998183294032,-0.10388485034884606,-0.25865389891037355,-0.14675465269192672,-0.007120731493959149,0.1442870990589929,-0.029532949997060846,-0.29047414124245824,-0.07842927054740761,0.14521874839533438,0,0,0,0,0,0,0,0,0,0,0,0,0,0,0,0,0,0,0,0,0,0,0,0,0],"b":-0.38727554156128713}